,Time,Action
0,00:00:01.6,Testing1
1,00:00:01.7,Testing1
2,00:00:01.8,Testing1
3,00:00:01.9,Testing1
4,00:00:02.0,Testing1
5,00:00:02.1,Testing1
6,00:00:02.2,Testing1
7,00:00:02.3,Testing1
8,00:00:02.4,Testing1
9,00:00:02.5,Testing1
10,00:00:02.6,Testing1
11,00:00:02.7,Testing1
12,00:00:02.8,Testing1
13,00:00:02.9,Testing1
14,00:00:03.0,Testing1
15,00:00:03.1,Testing1
16,00:00:03.2,Testing1
17,00:00:03.3,Testing1
18,00:00:03.4,Testing1
19,00:00:03.5,Testing1
20,00:00:03.6,Testing1
21,00:00:03.7,Testing1
22,00:00:03.8,Testing1
23,00:00:03.9,Testing1
24,00:00:04.0,Testing1
25,00:00:04.1,Testing1
26,00:00:04.2,Testing1
27,00:00:04.3,Testing1
28,00:00:04.4,Testing1
29,00:00:04.5,Testing1
30,00:00:04.6,Testing1
31,00:00:04.7,Testing1
32,00:00:04.8,Testing1
33,00:00:04.9,Testing1
34,00:00:05.0,Testing1
35,00:00:05.1,Testing1
36,00:00:07.3,Testing3
37,00:00:07.4,Testing3
38,00:00:07.5,Testing3
39,00:00:07.6,Testing3
40,00:00:07.7,Testing3
41,00:00:07.8,Testing3
42,00:00:07.9,Testing3
43,00:00:08.0,Testing3
44,00:00:08.1,Testing3
45,00:00:08.2,Testing3
46,00:00:08.3,Testing3
47,00:00:08.4,Testing3
48,00:00:08.5,Testing3
49,00:00:08.6,Testing3
50,00:00:08.7,Testing3
51,00:00:08.8,Testing3
52,00:00:08.9,Testing3
53,00:00:09.0,Testing3
54,00:00:09.1,Testing3
55,00:00:09.2,Testing3
56,00:00:09.3,Testing3
57,00:00:09.4,Testing3
58,00:00:09.5,Testing3
59,00:00:09.6,Testing3
60,00:00:09.7,Testing3
61,00:00:09.8,Testing3
62,00:00:09.9,Testing3
63,00:00:10.0,Testing3
64,00:00:10.1,Testing3
65,00:00:10.2,Testing3
66,00:00:10.3,Testing3
67,00:00:10.4,Testing3
68,00:00:10.5,Testing3
69,00:00:10.6,Testing3
70,00:00:10.7,Testing3
71,00:00:10.8,Testing3
72,00:00:10.9,Testing3
73,00:00:11.0,Testing3
